010,0954706c-6baf-3f8a-938d-ea87f51ae5e9
02alloy33pa,291d1c68-03d0-3825-a060-ed2b4dfd82de
0creeperman5,a4c5bd8b-3ada-3b34-b437-af76094879ae
0pipe0,a662765f-ba46-38c9-830e-26806587ac67
0sm3r,19f30625-2a2a-3e6e-bf3e-db426cab9166
12112003,fd0e2da2-6dd7-3acc-b60d-cd972aafc884
123,75f41576-c9ae-3be1-9e5a-f6091a7fa867
123ami,89000dba-5f53-3caa-8038-a73ee3c4c257
24niceman,9875db8f-18e2-36ca-b1d0-f2d573e342b1
333cesar333,b00754ba-f547-3240-9013-696304a2903c
3dr3,41d1620b-6a8b-3757-922a-8521828b93c4
4mzingg,c9789cd2-40b1-386f-a979-0a4ce90719b7
_afripvpgamer_,0a15fd46-60bc-3e99-af95-ad9e403b7007
_avilolo_,2f794716-1de6-3e05-9793-677bb2fbdbd4
_billiejoe,a4f04308-8947-36ff-888a-566ca1000e77
_darkspacehd_,7cf553ff-5912-3856-8b17-32bdcffd2dc9
_darkwarrior96_,8e381c14-6c9a-375e-b807-90fd02dae922
_exmorta_,440ccacb-8e35-3867-abab-eae7ad89541e
_jogurts,deb31db6-51dc-3215-9fcb-7ee14985f798
_kuxomc_,5fd1163f-4c7d-37b4-b7f3-3cc6a2888107
_oolong_,0e29cba1-f4ef-31e7-8409-63c3d062b2b3
_rikku_,29330ddb-6129-3895-9fdd-c2e64db5b9a8
_tapion_,423d7271-2d3e-3b47-b5d8-0d4ef3932d62
a3plex,79984963-eb3c-3ed3-9685-fc95883f0b0a
adolchristin,54f90839-ba80-3dfb-8da0-b2bfb6d6d4c0
adrianito_yt,c224b64c-ad8c-3407-81b6-6473ab5b2059
adrianitoyt,4b996d2a-d49f-36fa-906b-83a0b5a9adce
adrianog,85c47b38-202f-3be1-bd48-e0ed6a38cd8e
adrick2015,95f6ab15-a741-37c4-b667-6bf95c361c89
agentjfr,43d18d7b-1518-392f-94b1-fd4fc26a3776
ague,62140a87-1fc5-3b6c-9750-f1f5dc9a7bdb
agus1029,392d0f5e-a581-31b2-b4ec-78317677f418
al3j4ndroxd,da9f572e-f32f-3b76-84f1-4caf8e900322
alegamer85,478569f1-98e8-3aff-a13f-c955b9dbb639
alejak9,e99b576c-ab4b-3d28-8eac-8e65e71ac7b7
alejandrogaymer,9bec9a4d-0a21-3623-b1d2-d1f94401b7d1
alemimi,52747df5-2087-399b-bab6-d63b5c528b81
alex,bf20048c-a55a-322c-a100-5493e7b87286
alex12,946da419-6ccf-3285-a33c-a052cee9a17e
alexander,7067f12c-6bcf-33b4-8ef1-cb60bcead191
alexanderc8,b4057ef4-c721-3e63-a23d-febb0eef343a
alexandra,800f436e-4aa3-3996-8242-215170881833
alexdg14,da0df461-2269-319e-bf6b-6c3147049597
alexdg14_2,0f8d5d99-3b96-3d7b-970e-d5e2d1fe194a
alfredonx,407a57c9-5107-3ede-8ca1-0b4a56ef2a33
alfredox,da59cba1-a9e1-3514-a6d8-1fe491695b62
allen12,ccb3db4e-07d8-31e8-bd1d-7acfcd033e18
alme8xxx,54cfd199-599e-3b18-8a75-5288a613029f
alondra,9c619afb-6086-38d2-b94f-dab6ded99d8c
alphadanz733,8c21d4b8-0ebf-3563-abae-2617c08f5161
alree,30536387-31d5-39f5-ad71-b4fd9343e651
alvalo,949a126a-41eb-3e8a-a1fb-effff90b6462
alvaro,046ef7e0-c45e-3024-b0c1-203aa495bef8
alvarocrafthd,081d1063-87b7-3664-b42f-291a5461448d
amigodelaanita,e0a25f6c-7e0c-3112-99b4-b60f160dce3c
amyloulouamy,be4c64b1-ab98-30eb-87d6-a3d9f361ba96
anderby12,9f22ce58-0dd9-3096-8372-01eeec0a4594
anderson1036,c0696d87-31db-3ee3-8630-cdfba55c5275
andres,a053f212-698c-31d3-a6ff-f5c712316638
andres28pro,57092538-483c-380a-8703-8fdcaeec0257
andrew1058_,389bfb81-7427-3d24-a28e-40d4dd72188e
angel777,899ed4de-ec7c-3abe-833c-8cdc137cd05b
angel_pvp12,80e2b04b-cf83-3166-bf1b-e2055b952ec6
angela1234,d7a7b6ca-70dd-34da-8b70-9182015ee262
angell845,c8202e83-05fd-32c6-b38f-eba2283a4fd1
animemaha,158ad198-2f41-3633-88fa-af604507241a
anonymousop90,d261f8e8-7041-38c4-8292-a31d5cab195e
antcat,cf7c4b36-6f6b-3abf-b1d6-5cdb9cf5c34e
antero,16d0b372-603f-3dbc-91cc-c04486de40f7
anthonyscott707,4c66e095-1e4f-3442-b64d-4c35c336787d
anto_petro,b8f71544-a9be-348d-921c-b24603a5fd6c
antonisito,5bf6f7a9-7b5c-3376-8b72-78d95a4dc35c
apixelados,08a1aeb0-2e9b-39f8-b0ba-faec17e27832
apple0000,d392c84c-42cd-33ca-94a4-68f1cd2b3251
appleswagon,d5451007-bb88-3b0e-a207-2dd197bac56a
aquenandosesale,b4a4aafd-2833-3ab3-8d3b-4c21bf9460a2
archie888,d46d8f9e-312e-3c5b-8aa6-8902e4986cd0
arcondo,9cfd786c-baef-3a7a-81d6-3c755a8bd272
areyoureal,25bce8b4-4447-3483-bfa0-1a66761d9d12
argcreepers,f65a7970-c5dc-3251-8369-a366a3cd07b6
arianna,ccb9c6e6-a323-36a0-8c49-490aebeeb04a
ariel134,389821ab-d2f6-3e56-b8a9-c12fd1cc67ea
armarillo18,f03bd00f-6138-3521-a02e-e2c5bd71be5c
asdfghj,ee21c4f6-9973-3482-9988-3560feea3c24
ashleynicole34,fd471c5b-b43c-3fd5-9ea6-5b380c7261cb
assasin,ba131cda-acd4-3e1b-808f-de6b2f2ae615
atomproduct,87dcb046-c1a6-3b66-8cd4-e62b6591f268
ayudasoymeeper,1b70a864-7c9a-3d47-9d74-8408973c7d5f
aznjasin,e4026247-7957-300e-8753-8b9d829a3838
bacoextrafalario,d49fb41a-448e-310b-bc2f-cd6ac3e5b216
barreytor,034c92a6-d318-3273-8b64-2bcbee6c6a0e
basilge2003,cd52f8e4-c136-3401-aac3-b4d1c92b2800
bat047,8648d907-b8de-347c-a9a3-6000c4afde11
bboymoreno91,632be901-de41-37ea-b795-7412d2bf839e
bddmissionary,abcc80b1-6ad4-3e23-b39f-ba1a46477569
beargamesx_yt,1fda65bc-3a5c-3720-a484-946042767fdb
beastbro5000,8d1557f4-8b0e-3c42-91fc-f0eca7923d86
benja,a3dcdd89-2a7d-3b6b-8b6a-d8698e175f7d
benja787,3d1097d6-b652-3f22-a583-405fd0e63f5e
benjamin,af0db490-0a7f-32a3-9e26-67f828c12a91
benjamon,c92dbe17-a3ef-357f-ac62-272f6c5c315c
benjaxh_,e07cbe23-396d-301a-b68a-9df2a714a008
biorkita,f67a24af-cb10-3e50-a586-a725fc931daa
bjjcarlitos,14003652-276d-3b23-afe3-27f4bae44dbe
blackcat98yt,4cccdffe-b5bb-357a-b071-d366eedfc512
blackling,0a99e6fe-20e2-3fa0-a636-6cf11aecce37
blublegum,e14fdf7c-7c99-3f84-afd4-5faddb32b00f
bluejayeeze,58fec363-7b1e-3c46-bf84-db84e73ed486
boby,ba5bc3e5-2521-328c-8988-81e22b43fd51
boing777,b04571a3-d493-3899-b3d8-1c74677dd6b6
bosshakz,959bf10e-7226-30c5-b47f-e43137faa326
botatack123232,65d8314f-d556-38f4-ab1c-2e25cf77f5a1
botultrapro,75591a0a-bf86-31cd-8b40-d0a636ad6f32
boypro,1d162dc0-dc6b-3a66-927b-dd221965ac9e
br33z3y,8e9bb988-dbd6-350a-a759-71f64bb7ec69
braulioisaac,ab9ea4d3-4290-32e5-9dc0-da7230998460
brix233lol,d03ddae7-41e8-3ef4-a303-b7e7799c502c
brony_man_zeke,f9325af0-497a-37f6-bba6-7d77448398f2
bruno_gamer007,e0c74192-3ff8-38d9-ac60-c6a749ab1930
bryan19375,5fd9d4e1-d1a0-320b-9203-2c7a33214115
bryan245,3d63a52a-4b7b-3aac-9ab5-cdb68b032390
brythanie,035f2e10-d52e-3a5e-9497-fe40612e838b
bubbanohdish,00d80c0f-752f-34d7-9bb4-650ec841dc6b
buca41,0bbab768-d83b-35a1-a66f-08c06010c467
buggywug03,7857dd59-d50b-3f78-96d3-7718f8b3280b
bunines,0ac53927-4dd4-310d-9c32-43ee0fd986b5
bupugetta777,4e7f7278-ea28-3320-ab55-4a0309c7eb8c
by_grabsmar,87c4e1e3-182f-3d18-bcf6-5b181605a253
bygrdzn,d3faa99e-5c56-3582-98e2-78d0e237f884
byleoncraft_hd,c83fea83-34e9-4292-b8a1-a0144d2e6ac8
c4lcetin,d4b16fec-f91a-326e-918d-c21c48c79a5a
ca1yx,a2cedadf-6750-3236-8da2-390545d3d86b
caballo,748f543e-8232-3bde-b7bf-62527d27c547
cadenrox123,4b2d651e-d444-39c5-9549-9aa45e3edc14
cale331,d9f5cd63-bb2f-31c9-9ff9-3d760cc0bdee
camila,12f74dd9-6dde-3984-8391-147377b5fdd9
candylane10,2f9c2f49-3cd1-319c-bbe7-9a34c716c8d3
capivaradeteta,d6125c53-d07c-3a80-892b-a22d8f71c99b
capt4in_hydra,be3d10c4-b6ff-3b5e-883a-634e8cb18964
captain_burt,f6722071-b80e-3f2b-8d44-cca1766d929c
carfty6574,31db9738-37ca-3a73-a7b8-9b067888933a
carlos0125yosmar,fd96dac6-3141-3e13-8db2-4ce8640cefac
carloscod11,3504e1ad-6dba-3b01-9b7e-0bf42b941df6
carlosmc,4f901245-e92b-3c99-8907-b46c9ef8ea0a
carlosxd194,7bfc80b6-cefc-3cbe-bf56-51dcc2d47ac4
carmine12,46d42995-712b-3e6f-ab9e-e0b1d1668079
carnoo,0bed198a-edf1-382c-824b-cef52bd060ee
cata,df473872-92ba-3563-b09d-1db0830d438e
catalina_,32f7d536-b5e0-32b5-bb53-8d78d0e9a7fc
catalinapimentel,aeca8881-d1a2-3f8a-b5b5-3f4887c5521b
cfgjnffgjnvcfbn,b32276b6-78c8-3add-bb58-c9b13ca55a99
chabolo166,3fe76179-0098-3dfc-a989-ca97dc1798af
charlezangelz,f19ac130-9a0c-3c47-b65d-4afe94e19e68
charliebe,0da6da7b-e932-3bb6-b28f-a7fddc0020fd
chechotyhardxx,1d20d7ea-8e00-3b42-a6d1-f4edeed7a279
cheeto,18659526-49b5-38d0-b845-69c82f861e6e
chid,801aa89c-ad67-3802-896d-04e713702a97
choco_507,95ea68f2-5fc2-36a7-9a93-275ddc728fd0
chorzu,ffead104-1a19-37f9-bbcb-27e21d3b516e
chuchuina,80d0c743-696e-346e-a65c-00b2c1814076
chuchuino,4b7b7d2f-15e6-3ad1-aa2a-726bd84f9647
chudupa,819db8b5-f6db-3db2-b7d2-247b8aada0a3
claudiaoshea,151fea88-6488-377a-b2e7-aa9b585cc943
claudinio1234xd,748b414d-78aa-3d74-a716-225e4b8bbdd1
claudiocifuent,a385f9e1-e377-36e7-b73d-8a140ec45fd7
claudt10,cf9e6ef9-c7c7-303c-95b5-c6320b7177b4
clemente_yt,d24c0342-2623-3988-98dd-2770340ebbe3
clementeelpro,3da1a774-c12f-3e98-af39-953f55a66049
clsalkingamer,29f2df26-d006-30b3-8b46-0faffa10e873
cocolove,4662dd5c-cdc5-3b96-bb39-8f5cc273b6da
colten,df45036f-2c40-395a-9614-95eaf5c51458
conf1de,c0cc13db-eb1a-3bfd-9513-3e788dcbc120
conja,17db605c-1316-3da6-81e9-d0df0d6873a1
constanza_chica_,e4795908-7aac-3326-b5aa-2c4408ee2914
cookiemuncher83,54403dcd-5892-38e6-8def-e8d1bb543a92
cookloco,ff7d1e6a-f5b9-3efc-8242-4e41d79b80ff
coulten,da98af3a-92e1-34de-980c-01724c0c3cbb
cowbra,49c9e003-37a1-3b5b-868c-fbf3c2ddc20c
cozugamer,c66e79fc-c8df-3faf-9fdd-340f9f3de2d7
craas,620b36ad-8ad1-3f90-aad1-862e48c03652
crack,8295315c-cd76-3ed0-8c80-7445b505bee7
crazy_rockon,9ff0c05c-ed77-39e9-9632-948394b242d5
creeper0000,f90a4112-4023-3c67-b19d-658735e7f614
creepyjaguar,2379b718-aad6-3475-9dcd-cded44d7b403
criper01,2a5117a2-181a-3e23-9fe5-1134f82f4eb3
cris7,dd0f0b37-12cc-3742-9a6c-65ee08aa1cc7
criscriper,25393047-4c82-39c3-a382-012284831396
criselgordo,77ed275d-9093-31dd-aa53-beaeb7b0fdfc
crissgameryt,f11bc738-de08-3ef1-8d8b-35924fa552e4
cristhian,94c3cf91-a43d-3459-991f-8c7c5f0f552d
cristian,980592d8-1bc8-3eb5-aca9-711c96aa48cd
cristian123,ac637f88-e214-3a7a-91c2-afa875745d1f
cristianm79,15dfcb13-eb98-3948-9bd9-8d67adbf95ff
cristobal,e906660e-4769-3c42-9aad-c96ad2094584
cristochulol,fbaaac78-586f-3a72-96c4-ec478e4f620d
cruz,5d48fe96-ce4d-314b-99b4-b4d260970ce2
cs2link,7fc4c689-541a-33b6-8726-70b02c6d38c5
cvbm,5e4631b0-fdc5-34cb-a141-2e6ab94a3ce9
cw2,19a1f9d3-5700-3a4c-aebe-67f70a93b0df
d1234l,e4c67171-a6f8-31d3-a771-7deab6d99c76
dadahleiden,d342c99c-a365-318d-960f-06c6f9f9c4b9
damanack,d73d20c3-693e-34ad-b6f2-54c4a91ad6e8
damian_2007m,a90d0112-5e72-301d-b381-cb39167b7264
dan,9d944c2c-fed9-3b0b-931d-b5a07e569ada
dan00005,3acff25d-f32e-3618-947e-11e1188bf757
dan1430,4e8c931c-875f-30a8-a801-9558503d2e28
danelly,c9a8f9b6-98d5-322b-8e84-ad98af8d7ee4
danes,28527d4a-564d-3746-aba0-ec987cb04f7d
dani0101,59f5838d-0d55-3126-b269-5021f516f9d5
dani3019,0c170d33-fff8-3ce9-bf38-6bf91ffca59f
daniel0daniel,4a87bae8-07c2-3d11-a5dd-e91f22846f89
daniela,0504d301-1c6d-3119-bec3-15f668161a23
danielrer,6e9008fe-1095-3bae-9d21-dcf464993f1d
danilo,450758e2-e31c-3734-815b-8385b97353ff
danilolssa,5761e61b-02eb-3e23-a76f-97bcb5318c5d
danixextrem,9c448b8c-a87b-36a4-b7b2-bb21f603540e
daniz,71bdbf04-4747-3bce-a974-f9eb43bda57f
danone_cz,6d8bdd5f-f9bc-38a3-8507-d471c27f5e15
danteofficial,8cdf0a4c-5d81-346d-9370-8ddab9932cfb
darber,121dfdfa-53ca-3f56-b2bd-da72455fbb7c
darckfenix1,4d249e12-0add-3861-9e72-f68de93d2318
darckgus,0ba47a81-4627-3bd1-845f-697a1e9f9262
darielinchogamer,be8ab8b8-734d-340e-8b8d-0a8a9f026d9d
darkmuerte,e6c739ee-5811-3ac9-b613-ffbc33a69d31
darthkay,c8483d7c-c61e-3864-ad66-d63712d7bb8e
darthzeta,dfa106bc-44a6-3ebc-a948-6c220aec4b97
datmcboy5,da4822de-daea-3885-86cd-5b0c8a0ecf19
davicho10,95bfc9b4-8985-30e8-8cac-4b06b6bb5c25
david,af1944f1-e1cb-306c-9a70-97a1824386f1
david9877,c3f25425-31d1-3c4a-a51e-c958791941d5
davidm9,6b7915ec-3e07-3175-b280-3dffc7763be1
dawid332,0d4ee115-aff9-38e9-9f43-377a76adc0cd
dbumble,bb21cc46-e2a7-37c0-a947-7f0ef5968dde
dead26,f6af7e2f-6044-3644-8eba-0ef235a60a6c
deathgamer5,62a7824c-352a-3921-b983-0b4c36f23b53
deathjungle,d1403faa-82db-3ebd-9a68-495f241808fb
deigamerx,6dd4c7fc-b078-315e-bbda-0e7af2701411
deigamerxd,4c99f9f3-464b-3689-a534-61c4a52b1633
delfincito,8d9b7ffc-1a75-3efe-973d-4c546549cccb
delsin,7a1eead8-554c-3365-b517-8d91da7d25e4
denniscrack99,10385dfc-122f-3e75-9136-7427ecf751c0
derp,c9f0ef72-6f77-3ab4-872f-0e7e4a9757bb
destekllo,b2d836f0-4463-334f-9776-4e9f7d88052b
destruccion01,6e30582e-99bc-3fd5-bb69-199b4bc82e4b
destruyebloques,f7aca3be-336c-3c4d-ad4a-6372a6b5abc4
dezzertland,b0c9a589-2e02-3a5f-aaee-671eee5f6506
diego,b6924f51-1f86-392e-8603-14173febdfcb
diego03g,a5dc737c-d790-3bfa-8749-0e58749a0d12
diego220gamer,697a7288-cd44-3fff-9c37-2231f3dbea7d
diegogb007,2b6301c3-82cb-3717-9272-4fac7e008275
diegotiro,6fb3f064-cf12-341b-8516-0256c1e1998c
diegotk,fd75b4f4-2111-3ea6-b7c4-6e39229c0712
diegox7,393b3b31-c698-3627-953d-eb8b0d8221b8
diegoxd159,090c1586-10c8-3da6-b223-058044f6137d
digitamer19xx,4722e87c-2539-3857-b53d-0c36618b8912
digward,e7b8e0a0-cf3c-346f-9f96-de3bed504ff4
dillan,f66a1a61-e093-38e8-8e4f-05a30887202e
dioset33,2f810261-58f0-3dd6-ac63-82fa6a534f15
ditobr,3c285131-58c7-3adf-90e0-c7aed2b06417
djsaifgamer,57c49ee7-6947-3ee5-ac7f-d8321c4f9d7b
dnamiller,d37b5e72-2859-3621-98bd-7a9fbd9a7b49
doctor_mayhem,90d29344-20fa-3b54-ba3c-4e0e507ee778
dolan_bandolero,718ff212-3822-3b70-a133-ad039e3066fa
doldar,858797f9-cb71-368d-9fed-bfec53c3a7a2
dominicsantimx,bc65457a-ed3c-37be-ad3b-8cec4c6da95b
dorito,1f879c47-9ea2-36fe-9e36-87fb809ac4da
doug2100,97ff5f70-aeb3-36e7-b3d7-457c31914b21
dracou12,0c9a1058-369f-3bf4-9664-f54eae5df003
dragend,b7338396-aa73-3d0b-b1df-ce7b09e3edc7
drakftw,50040e5d-211a-3fff-a95a-4d417eea5363
drakroras,22481e15-5012-3044-b7b6-55c5b00a6931
draoen,a7b881d3-61df-3df0-83ef-bf4695983e5f
drew9786,49707cb3-046b-396e-9361-71c8d0b1f1c0
drizzerx,34eba4cb-a59a-3f74-b5ad-33de2958c31d
drogontenebr,7e91b543-20a0-3e76-9bb9-0465f1d36705
drone414,1ad80ed9-6da8-3267-927e-ee07543d6312
drsolow,8f6dcd22-781a-34f4-911d-5afcfd457c45
drumsplat,fc1aeb7d-407c-322d-a3c8-592bf6ca4b8f
druugs,bae9394e-0ad1-33e5-92dc-57bc320debce
dtokemc,883ebdca-2876-397e-973e-be9218d1cc7e
dtrik,f70fde8c-f4a8-32c6-ba87-33073d909a2e
ducky,5882b3d8-7e89-3dd8-a5f1-018de4e22b74
duckyduke,89fc143a-b80f-3f82-bac2-0ad50aaec495
duvan,5f355ff1-dacd-3d4c-b50a-8e3ed699d08d
dyc_,4aa210bb-8769-3fb8-ae94-1982c1cd9c91
dylan,911da7c5-4c65-3853-9308-71ea4b124ba3
dylangamer123765,254a9096-1d5b-44e5-8f2c-ae1695c142e7
edaniel321,e2846a7d-2b1b-3b17-8e8f-051b59611b34
edinaldo_ms,03e97fcb-42f0-3c11-af9e-5ef8cde3f9ba
edisick,9062974a-4a89-3be9-8f40-4128df2dc8e1
edson_gamerpvp,adadb580-1765-390c-95d0-1ca9198ef73c
egrandall,997b3eaa-74ef-3789-9092-09a949679852
einar,54fc9656-04e3-3ecc-83ae-79bfd9187fa8
el_pacio,f0a2f891-1cc1-3ddf-b66b-2a928f026979
elblacki,5c6da98f-6108-32a8-a5b3-916fb41d52e8
elcrack57,aa5db225-3655-34c9-9f98-810b5a84b161
elcrackboy,685b11d0-71fd-391a-8b09-c85740006d87
electroxd,ff319e67-9b75-3d51-8d85-5966b2aa8347
elezegamerz,9b0c5f02-77b0-3711-b2a7-29cfb23f02ad
elfazu,6a7497c3-02b3-34c0-905e-d8182d083049
elfolo,8d6be2f4-b060-34b5-a1be-1108f5dc9687
elhpipe,c0a0d292-6231-31ee-b7df-c3b4adcf9367
eliangamer51,a9b862bd-b464-3821-895b-42966b4e7340
elkpojoacotwo,3575da5b-a5a0-3961-a3ae-ca842223b8b2
ellokopro16,01bbba3b-f193-31df-bf4c-8924fa791a75
ellokoxd,e4ee716b-5175-3e02-bd8f-d7fcf20ac6f4
elmejordemaincra,082c6b43-f84f-345b-bd6d-555ff3b27217
elpalomo,53614b8e-ab5c-3a26-8129-64d55b4b2008
elpixar_gamez,02babbd9-908c-4164-b1e5-8986ec3b8d8b
elranchero,3576f7e2-0d07-31c5-8371-8716ecd0473d
elropto,86832d49-8787-3e06-823c-5cc73365a89f
elsilencioso,2cdf95a1-578a-3479-8f8c-344520543b14
elsmollyt,a189d338-f364-393b-81db-dfc8aacccb23
eltuty,76a7663a-e873-3a11-8fc3-8f6cde6e5bcd
emiliano2101,d38df4d9-1099-331f-bc73-e38d595a3842
emilio,d5013a36-3139-3840-bb19-be6b9a7b6d19
emilio12e3,2c95014b-0aaa-3013-a4bb-483e68647656
emilyrose9,dd0741ed-b40b-3b42-9c60-3900a6cf1cee
endergame01,bdf9bac5-db91-39e9-bf75-1b81d90cd0a0
endergirl72,c3246553-7277-3013-913f-59f0568bfc43
endermalditoyt,a65636ff-2e20-3570-9ad9-a867cecdaa8f
engendro,bb148512-c011-3a84-8edd-7d9c57f95533
eonofre,54556260-26ca-3f1c-878f-de9e6dfbc5c1
epic_slime_head,811bc859-5729-369d-ae43-050836c99706
epicsprint,9e9e7bfc-411d-30d4-9cc7-6cd866b40d90
erick,c68da542-8501-3dfb-90e9-7110a3054c36
ericplayer,3899533f-73f2-3a38-aed9-ed43834722d8
erik,d832c345-0125-3d30-ad79-b090976b89e1
erikeco1,65e8728b-459f-3020-ae67-e0ee0fc58733
eriknoda,1dd4b02d-c043-3a72-93f3-8f9c0e5c0985
es_ebuen_anthony,948bc7b2-c34c-3559-a189-29359c302cc1
etjgjmrfk,f85434c7-85d6-38fd-a7db-bbc795ceb4aa
evanirvin,f8eb8587-8d78-3671-84da-ff6883d154b0
evelynblue,07fb2d1a-484a-33f2-b601-ee9bec40f82b
evilleanbow,e98478c5-e42b-3a06-a215-785b53c971fd
extermijr,f7dd6764-3d98-3ce5-b544-8ab19fe2ad4a
extrememaster,f3297ff5-2f5f-3231-a229-83d75d722de7
eyeshield,653ec919-fcf0-37b5-b9fe-3023e35a206f
ezcio123123,8d34b155-c668-3b21-aa76-a49c1ada47f5
fabian,b19489de-3563-31e6-9371-d492fb61301a
fabianmc,885ed186-82d4-3744-88d9-8a292b254c4b
fabr1,b5128227-be1a-3ef4-8382-82526fad8536
facundo,8ad33a7c-9c7b-39ae-b3d7-c6d81b05c478
failaweyt,54290124-028c-3031-be27-e3fefd8516ad
fastaxel,053a593a-1002-3f7e-86f5-014be8b5fcb5
fdd,bd62ca26-69bb-308e-a0b9-83e147a589b3
feeck,7c09fef4-ae7c-314c-b95f-c85afdfcf849
fef,2e99976f-d84c-3c11-a78b-5b06dd820445
felcam08,d815fa2b-1981-344c-aa30-99bd98f70b15
felipe,f583a518-298f-32e7-b144-f79291c79661
fellonmyhead,de184615-402f-37df-8644-4dda27ad9e8d
feo,ec66a7a8-6ef6-32b2-b12d-0774be804f58
fer,5f8c2df5-539e-37a7-82cc-71be502b8766
fer0boy,dbdc018c-2ff8-31ae-9e09-0f69ae5ae16c
feri_124,869eb234-ef15-32e5-ae98-bc64001087d8
fernan619,b3e510c0-e98b-3b66-8341-11ebd7605c29
ferni,f4ea6ab6-ff13-35d7-8d11-77d64a6bc2d9
fez_master,31e98a68-f37b-3522-a66f-12f9b050ddd4
finicck,ee426d16-6fa3-3cdd-a9b1-6bcdaaad913b
finnyboy63,a962adc1-6931-312b-b029-f4de5a4955a4
fiolnop,f849ecb6-b620-3fba-83e8-2d09d3b3d043
firezpenguin,09a8f6a9-e4a9-342d-ae0b-f1a538ce0196
firo,488642ac-070b-3070-8fed-a1489be0b695
flameelmaster,afc727de-cada-377c-880b-2d7f7d94a460
flamezzgaming,5ee0da7b-6e03-341d-82f8-680b014ed83d
flans,292606c1-fed4-362c-8d07-a707737e1f01
flavioyt,74420117-bb90-303e-a012-18dcd73facf1
flax15,f1816f77-4ab2-3c81-8da3-b56f759d49d6
foncats,8693dfb3-7aac-350b-aaeb-f89e172e5228
foogis,cd82eb3c-fe45-3d82-b023-f0e2e78fb40b
foogles,415f3f0c-661d-3ca7-bb64-7b6e987e5c72
frachlitz,f9c07eb2-58c0-33e2-8cee-17efcf034393
fran,c832f10d-3fc3-3b4e-bff6-a86f8c5759e0
franck,d965196d-4bde-3969-8a8a-d9c92fb7cca9
francrk199,b38944c6-edf4-311f-bb1a-fb9b0545aa34
frankitho,4eb3c0f8-d805-365f-8ce3-33c33c0dbf6e
frankitho123,d22cee4e-9b2b-3ba1-b034-b2190a7d1dac
frish,3588fe56-d54f-3e1b-85a6-d2923159cf8c
frosk77,15d280aa-a630-33bb-a14b-5c74a59ab853
gabo,452ba205-569a-3d20-9303-5d06eb8704b7
gabo9,229746ea-2f7e-3bd6-9704-4a73ebafa6ad
gabrielito,8823bf42-b20d-3cfd-8b97-10ab47efc2e2
gamekiller123,5535dac0-d6bc-36df-9a38-59bab08e0758
gamer_fn,cdb30aef-cac1-3471-9e7b-e34e50178eb1
gamerghoul15,7f1bf69e-d671-3849-b941-551b696164dd
gamernacho761,440efbf6-fefd-30e4-912d-e82068cb87ae
games_zero,81a81bee-61cd-30c0-b5ba-735ff2bcda6d
gatogamer,d9322c3f-a850-3476-9846-ee66a6228f63
gatosinbotas,ae441837-c574-3020-b062-d0cff1bc555c
gavinmalloy,00ce35d4-9749-3991-aac2-351cd6be398d
genveruska,4cfe36d5-440e-308e-b2ab-103d8887f50f
george_g4m3r,c89010f0-a0e9-361b-bc3f-0dbb8457dbd8
gerard03002,066a862d-9d0e-3198-9ea5-98e4171aa8fe
gerardogamerz,cb58ec4a-b94e-34a0-9f64-60a84b7d0aff
german558,41d3cc7f-1884-3cfe-93a5-f482580453d0
gguhuhgyfy,e15ecc30-b9d8-36a1-b8dc-f54debd92e8a
ghody,dcafca97-3055-3d3a-ba34-10b786e65554
ghostctm,d57abacf-8f60-3c73-9eb0-1cdd1a6bc5e7
gianlucax02,51fb64a2-57b6-3f94-ac47-9728729537bc
gianlukamc,3db9dfb9-e615-36ac-82fa-2b8f0d99710a
giopiopio,6a4f0dc4-5f8a-3e8e-99f6-70ab0975ecbf
girlgamer449,c60933a2-a62f-3b96-af3a-196b3fa3aff3
giu02calcio,dae5ac0d-672a-3d82-a8a0-70356e4c1d54
gogeta66,ac4b3d07-6b34-3440-931c-db07303db29f
goku,f790e114-dbaa-3e69-83fe-0ee88a941286
goku041020003,8f6a350d-4383-38c3-80e2-cfc319aa8809
goku135,9829904b-0ab3-3a6f-a212-07eb71c51c75
gokun135,3904dea7-cc1a-3d61-913a-bdc01fc8f46f
gokusjjdios,3f7fcacc-3556-30ed-8918-9273955a2eb6
gokusjjdiosazul,504682e1-0993-3dd6-bcfb-94d784a77511
goldy,49d6458b-9631-30f1-82c4-45a5ca036427
goli_goli,ea3955e3-7e22-37b0-b2ca-f274c5ce854e
gonzalo,2a9fec94-fab5-38f3-899c-f2ebc9025a46
gonzalogameyt,98bb3505-b454-3ef5-b596-fd8b4046af4d
gosu,7d8e3708-b3d5-38e0-a372-ec20a1214e3b
gotengamer1112,eb89091e-83d6-360f-b176-5a8e2d6f4896
gototoplop,0db372a0-10f5-339e-a2b3-5a0ad0da594a
gpg,f01cddd1-fe7f-3418-a387-02ee5decce95
gratedlick,15f08270-1f4d-33ac-aa9c-8adf33fa23b8
gravitycube,93361319-c2fa-352e-9ffc-b04b77682465
great1234567,5487fd05-c11c-31e9-8243-f97920de0ab2
grifinben,267ae022-1f17-3abd-b6e8-1a32203850a0
griim,d58160a3-df52-398d-aa7f-e42d3e649b83
gtr1512,cc9a608a-a1b7-3d8e-abd5-8ee849abf85e
gtre23456,4948e1d1-10ed-3e33-9440-cb43a464778a
guillermo,6c4284cd-0f42-383f-bb21-a2c060679d6e
guillexh_,da01632e-f2e4-3432-9933-e838bbe96800
guilmon,0c5386cf-896b-392e-8ff2-a1035d4df956
gustavo,a612c462-e773-3af2-bd01-45a214546ca2
guzinex,5a899d76-ed62-3977-b695-58144025f15a
h2o,397d2885-5919-33b5-bc67-8f014912aa40
haisom,46f275a9-d301-3671-9c1d-9010efbb36da
halon_1211,dc428f16-3507-3cba-8e4e-f1ca7fce0d68
hamahamahomohumu,74ce7362-60f2-3535-9a8a-5e9ff35a114c
hammielover,a2f25ace-c403-3b1c-b985-766c44c22daa
hannasweets,a677da98-4f0b-37c6-9bc3-268d32d5fa6e
hastan,16804407-3cb5-35be-8102-b8471f32274a
hbjb,8e42600e-2c0d-3485-9b5c-a08a9abb8de1
hbnino,dd071b07-0edc-308a-9539-0de156435773
hectarea,c422056c-60e2-3633-b278-419c8d00dd4e
hectoritofenix,cc052883-e198-3085-b742-5c4be45d2957
hello_,9296b085-1a85-3ebf-a9b7-4e1450b614e4
hero04,ab3f04fd-3c91-3eff-a3ea-1fbdb35b700a
herobrine,80f432b1-e8dc-3f68-bca4-b1fe4dcc78f1
herobrine010,e11a7c0e-3b48-3039-b02e-1271255f96d9
herobrinr,dd5f516c-3761-3e49-992d-585398abdf0a
hey,16e107e7-ecf3-3be2-983f-ddeb33e9b351
hiccup_hero,ea02a10c-3d4f-3a71-b375-f3279edd81e5
hola11,1078bd3a-2690-3a7f-b691-d2a66f019441
holiii,167ff88d-61f9-39ef-8829-bb3c27b90c05
hollisyeah,e5655ae6-c8bc-3a69-aed7-2c04fb046f7f
hollyz8,dd26e301-04f5-36b8-828d-696236e1e6d5
holyfencio,2fdee94c-04d0-3da7-bb44-1ebbd85d6d5d
hotban23,d3fcb469-890d-33b9-8cd9-c042f35d74d6
hugheskolton,b05e3e2c-4fa0-36d0-a33b-5ef23073bc8c
hurrakano,44bdef38-1d91-3e76-866b-939dc7e82085
huso,d931d5f2-a304-3fd9-9f32-28a262fbcf80
i_am_shuffle_kid,ac317764-cb27-3c79-8c14-a538d72e5327
i_amanthonycraft,21b0fbd9-bd5b-30d1-8562-ab4516ffc667
iangamerhd,4ff6cc4b-da17-317b-bf4b-73060c008c99
icemand_,cab26e23-aba7-3ccf-879d-156ae7b85a00
icowmc_pvp,3ee074d9-0016-358a-aede-128f2324b960
icraank,6b4f441e-f3a0-3301-b2ec-0c298d591823
ignacio,fec8f066-f0f8-310f-a198-20146678874b
ihazcupcakezz,665e4d2c-d5fa-38b7-a708-30fc61068a73
ijon71,4acbcc1a-a53e-39f6-b984-b97ead33f61e
iker,fcc283f3-4322-3b2d-a851-de67d765d177
ikoo_,8f0e6e09-cd8b-33c9-ad29-3c6bd728dedb
illenbock03,bfb6d3b7-b7a8-35cb-872a-e2b0575df4b5
imakilespvp,51d37102-5aa8-38a1-bcf3-0fe8a09fe6b3
iminatohd,3e42c213-2805-3478-a306-5c3c554d898f
infogamer,faa6cca4-b7ab-3fab-aaf9-d560d3589568
iratron,aa98ae42-0103-3c48-8364-9fc0a8e5a957
isaac,90f11227-9e43-3ff1-9fcd-7154e9fd6112
isap,66fae83f-d6f2-3f41-8739-d703bafd0a31
ismael,e3a4b231-4e10-33aa-9601-68673c10db63
itachi36,24e4453e-6f99-3bac-8ab0-dcfb7b4aebae
itommy,1c08800b-c0c0-3bc8-9729-b71e5f43607c
itslautixz,03942116-f28f-3cf5-a7e8-c895e5746820
itsmarkito,cc7d4abc-69df-31e2-90f0-cb41f3a58c2f
itz_ikoala011_,3ee234c2-e450-39eb-aa32-e4c8911eae20
itz_urielpvp,1038dbb7-4e44-3a69-9997-f56df9113152
itzair,2fb2d627-3f34-39a4-8e0e-a82d4ac49d16
itzcomandoyt,89021a02-c8bf-371a-89b5-93d524021ffd
itzmane_hc,56ccbaa7-8e44-3dd2-b6dd-f57518f95fc0
itztony_hg17,be0be880-669e-3034-a228-fe53b39a68dd
iuvagameryt,8e0cc0fd-f922-3b95-a54f-21696c485f2f
ixicarlosixi2_yt,c5bfc80e-2291-31eb-bbd9-614ea919b9f2
ixis,482a5a58-33ae-3be9-9c59-3dd685f66957
izady,0ee5a20d-ad2d-3273-9e1f-f1dbc5603cce
izzi,ab4a805e-4f43-3886-848c-8357f364a2b1
jackaky,3c82c3d8-0636-3d9f-ab95-a6e22ef5afde
jacobdec3,7e5b3b8e-d586-3169-8591-dc06e1a9950f
jail48,77a3d147-256b-326f-8d75-c6e880996d5d
jak3,197037bd-ff47-38dd-873e-b7c97178105d
janie11402,78c9a20e-563f-3f8f-9279-2dd552d3f6d2
japs2x,d343d5f4-2525-3f1f-916d-9e375be2fe37
jared,116043d9-0e51-3e24-8ea3-5794b8e5f125
javier,f0f644e6-35e8-31b9-a03e-27d00ffa67c2
javierabella,20558a63-c987-3f75-823a-99853ceca5a5
javonico,c3bfccf7-c11a-3d2a-b8da-34ba92326f40
jayjaydoesmc,f6aeb8ce-1509-3c34-ad0d-b81236951a35
jayz_1206,ded01800-531c-3d55-948c-b5fb6318c9af
jelmerthegamer,1491a8a4-8f26-3f89-b5c3-19a6f5593f06
jenlovezu4,8c078ced-6627-3966-8663-bcd8a031d278
jenny,5a08205c-887c-3350-a1cf-118897542c48
jeremy,39d03cb5-4d1a-3959-8529-ed80f8a83aec
jereny,1ffddfae-e33a-36c6-8523-02edb6e6e1e6
jesusback,0c09a363-7c5f-3d25-901c-a9e65bcdf514
jesusmartinez,e75621fd-abfa-3f26-9293-d601fd65a1f7
jguerreror1,414b28f0-f28b-36e1-8eb1-d8684f284b5e
jhonatan,259a5057-6391-351d-ac2d-f99a747bc2b3
jhony16as,d104a4b7-b281-3e7e-83df-222a8deb60bb
jimmysqiddy118,75f54fa0-8512-3a7a-8ffb-af1bd8b311b6
jio,6463db2a-a355-3dc3-ba2f-befc4f723bda
jjsniff79,b261a641-54ab-36ac-8cc2-80d678638548
joakinortiz,420f8642-639f-329f-94d6-ccdccbbc62d2
joan,28048e7c-a922-363a-957d-3c1737bbe88f
joaozinhogamer_,6d7d9e67-4b23-3c55-bfab-23e4ade9246d
joaquin,386de523-e971-3ef2-a261-efcae197ceaa
joca2265,dce86481-37fc-3d08-817e-de7e887c99f0
johnnyboy10102,0c33bda6-7656-30d0-967e-74c35f58bb28
jokergames_yt,0163996f-a2bf-333e-8ccb-78753954128e
jona,3e60a8f8-a7ad-352c-aade-ce4da34b8975
jona650,6778e874-2f7a-3de6-9b46-ec6d687d5a49
jonatan,ae6a1ef5-38a3-3a17-a4fb-2baeb1a25052
jonathan,12633b62-5846-35a9-82d0-c0521ebb51af
jonjertino,6d399e01-dff1-3429-b4a6-190131e8cabb
jorge,61bb4e37-545c-3dda-ae6a-2744e1086da1
josedo,99d145ed-1ab4-3c09-8fc9-9bab45991eb3
joseluis35,3d9adeba-5763-3fdf-8a85-489544c2a1af
joseph,4bc95482-9e74-3551-8ff3-d769f3bb05c5
josh,b9136bab-90f4-3afe-a07c-3520a95b8f6b
jota21,ebb53ab3-fcc8-3a07-8104-ab9984ec0933
jotebian,5fea17fd-3611-3870-8982-58983d844ea1
jp0007,fd6ec439-bb86-3350-8326-415f72445675
jsearanda,4dfe18c3-dab9-3fe5-90f9-ec99416eab35
jslead942,a9472b24-a435-34d9-bcfa-a451253ce9ae
juako,c369302d-306a-3294-b9c0-4baf9b3be508
juan_crack,95467067-d0a6-3516-9c6d-f0320f1c40ad
juangamer12,6410d6d3-0731-368c-ad41-f3c92a233b87
juanithox,f6fe99ac-512c-389c-bc4f-055b6491e432
juanitox,a01b351e-9611-3e42-a6c3-5d14616c52a4
juanjos1,fff43458-bee7-3c5d-a4e0-1e81f8595de1
jude127,cb59b85c-8897-3080-bcb1-2ea4cbc7a61a
juegaliver,4d63e228-cb4c-3a68-acce-59b9dbddc5f4
juegaliver_yt,911f24ef-e3f2-3d94-9426-f590e6eb6cd9
juegosjugados,98c6def4-1a47-3e46-802a-fd62af724759
julii,bb058706-e836-3465-a596-7ba3422e98d6
juluck,0b6f4c01-8124-394f-9b99-af149ea7a1ec
julyno,8ea00e9a-8638-3155-986e-9a6c9e5e98b9
justfalopa,b69040d9-31bc-318a-9657-58e1a20c4614
justreey,4cabf54e-a723-3453-82f8-ffa6836107cd
jutsin,dc583916-3641-394d-b503-f98521fa4532
k0nrad_joan,309e83bf-2ccc-39e6-a46d-f5d68629acc5
kalmstkzctm,96e1debf-b7a6-3523-b626-8d83d1f2079b
kamikaze,34b8b845-28d0-3a27-a2d3-e39b1cdbafd6
kaneki,f534c976-d05a-315b-93fd-d15fd93fc973
karlagamer,3d98dce6-aca1-30a0-8d17-0503d6378a6d
kathylovya,87f73349-b2ac-38af-b24f-e92dfeb0d8da
katiej521,37bed3e4-56ad-30d6-a4a3-34caa11879ad
kaylaluv,63351feb-ac61-33c6-bb4c-25c8de7c897a
kcin,b48886b6-bf8f-3778-873a-b720c3fc1adb
keviiin,b530be9b-1b95-3f87-a733-898874f52d7d
kevin,918e01b3-f87e-3e9c-a875-c58cb1cadf25
kevin1998,9a1767ff-2696-3e3a-8d8f-7a730c7a291d
kevingamer781242,6f2fa387-35e5-35de-aae5-d8cfbd8a5451
kevixander,2e5d3acb-0d6e-32a2-a81b-b9c6bf536e7b
kevnreyes666,98ae2a74-5ead-3d10-af84-4c7ef976345c
key_hd,c1a1fa38-381d-3859-8d1b-e1cffaa5552c
kidshelpphone,1fed51fd-b812-350b-8109-8dafaa276b36
kikas_pvpyt,ad4a174c-c49c-37f6-83e5-54a92ba96913
killercreepermax,c3173f49-209f-333e-874d-ff55d58034ec
killerrichmc,91cb1303-b3c2-38d2-b7c6-27bcc7b99dbd
kills455,365cc256-833e-38bc-9ed3-742555cf9ade
kingofking,9d65a807-acaf-3859-ab19-b4deb8776d87
kirablack,123ea90a-cb51-3205-98e0-36fbf512dbe5
kirito01,5895078a-46e2-3731-90bc-1ba03ae8cee5
kirito0408,1cf23ff0-2c52-3ef8-a5ac-e3317282c0db
kisuke,feca0b2b-aa23-3494-b99d-13513b1958d7
kjanysek,25c03fd4-ece4-3799-b16a-74212730c15a
knales11,4d23df55-1267-304e-82d8-eda9f3b9e04b
knicol2002,5754a2e4-bf7b-3c1b-9e65-2a4b138b8857
knino,d367a376-5231-3ecb-b4c3-f8bf0dd4f0ef
krono,ee36ea16-20e9-35fb-959a-b05616239050
kubaforcepl,d280b441-18b1-3ab7-8d4a-51e1921f65e0
kurjab,a8321783-36d5-3eec-9e4a-dbf5ad2716ee
kyron25,31c0c6a4-2734-3254-a6f4-7c7710c16b94
l34ndr0g4m3r,e7eef058-771d-3882-a7a2-346f576daace
lacl,4e640e89-7bdf-31c4-a526-ca27049d3ea2
lalo,c1f75c2c-d22d-301a-bfd4-881683413360
lans,258d1835-c6c4-3a38-bed5-ba3741375893
laquetepasea,9f992192-9099-35c5-99e7-c56f93518979
laugamer_xd,671f8099-0773-36d2-ae4c-ba4443bdb1d1
lauraro0519,fa271138-0275-33b9-92a2-c3829ea83694
lautarogamer99,a6c7be84-dcfd-3092-a182-aff8129b49e6
leah8799,045965d5-41ad-380d-b7ee-0b22b46e38ba
leangaymerhd,58c4b051-3d34-3251-8c6c-4820e4429f9f
leannan,6664a88c-a91a-3504-a0d4-a3324f5e49a5
lebrazekdrak,8637cabb-3c5a-3467-ab9e-6c19c8899a56
lec0,b6037177-8e26-30de-b1ba-9b52f4228160
lechuga,1d3ee885-6aee-3f99-9cdd-0bec4fd2b0a7
lefinix_yt,40571362-8722-3796-8d38-df5bc39cdea9
leo,6ee85153-a31e-399e-9676-77ee7bd9d55e
lexeeeee,7387f625-70cf-3910-8e6e-20ffe5666240
lfone,4dad6672-a533-3c84-a485-3e8064a04e62
lhamapropvpbro,bdabd558-a683-3518-a0c8-beb73d1bbe11
lil_ninja_cookie,0a707b97-31cc-3ef4-a7b3-3217daa29945
lindaxtaty13,0e935418-f46c-3549-b7a3-74e79f47621c
link,964a7c6e-b7d8-36c3-aa34-30fef8a2083e
linkawesome159,d4a69440-8f68-36db-8cde-4e081f64c5f0
linky,3a90d6cf-a4a7-3d4d-b641-108451ac0a91
lisa5525,e75de0a7-32b7-339d-9b55-8f48c1c89587
locatiigamer_yt,dc3d9c0a-ac3a-3507-b16f-8858ba6f7378
lokillo_playeryt,19dfd421-3ec0-3f58-aa27-6198fc87a6bb
lokygaymer,04e4c808-1f46-3624-8647-3374d730b9bd
lol,920c79d8-a1ca-3c23-8b42-dadfe7a301f4
lol123567890,2805a4bb-e29e-3fb7-bf29-b5f7b56a6311
lolomanolo11,d4c9063b-ba9c-3bc9-b854-aae81804c8e2
longnhonh15,e44ecb57-81af-33c8-860f-8bec1dfd3f06
lorenzo789,ab9e0158-ea30-3682-85d3-a239728f589a
louz_,5c1b6c7c-f90e-3e8d-be6c-e775a4fa4e5f
lret,2915ada8-b068-3114-a981-eaedb86eb1ad
lucasfol,479e3e5f-a614-363d-a3ce-afa2decb6cab
lucasleols3,073b74b1-a07c-3b59-9248-5067d45bce45
luchit,83f5e398-d30e-382c-82da-dda88ac2f7e4
lucia,b2f88231-c9af-35a5-9dcb-876b9e749ac9
luckyluke007,ee726766-b927-3629-b7d5-2c431a21df74
luife3000,ae0f29e0-facc-3ef9-863e-0888e3b9f297
luis,ff44eacc-3393-3147-9a51-143f1207a49f
luis3210,0f199141-a1cc-3690-82c2-b9190e86118c
luka,bdca2f73-f4d7-3da6-b1cd-3ca8ec5815a4
luka2012,e7e3523d-f83b-3173-ac1e-200808c5464f
lukethesmokie,3ba3ab3c-b659-3bd2-9175-0a063ef1156d
luxin,1bbcb1c3-bb1d-38c9-a0bd-43b0c23f3abb
luzublog,4a7919d6-3e81-3d76-ac4c-2abb822fbd0f
m3ndexx,73a54955-ef23-3f45-b5a4-c26fed85d17e
maat144s,c339ebc7-9f3e-375b-a7dd-a325b4a2b6dd
macoxs,241844b0-164e-3ca3-94a5-0abd18dc476f
macundrita,94b40aa8-23d5-30f0-b407-752d50102828
mage3683,b1e8d9af-913f-3b99-9659-7b22f3b88bdb
magiclauncher,ad512211-ec36-3e64-a06f-86bccd918fee
magicroom,dfc9bd9e-fb5b-3ae6-b780-61eafc1817ed
magmafire1,fc8b5a02-84a9-3018-8954-ba4ec365dada
mai33,3d872dd3-6e18-3719-a978-0df1c4485b1f
maickjordan,6c41d3a8-d8aa-3c75-a95d-2209573c51f4
maikel,66c52c61-1871-311a-9d49-cf6dfa316673
maikelll,31738f70-9eee-3bff-9993-af16908389ad
maikkelll,917f805b-95d9-384b-ade7-e55068fa81ba
majeh,b490d6c9-5ec7-3259-9f3c-1c48e4a75955
mamonmangamer777,1b70cf1b-e7fb-3bc0-bea8-95b2bb3e6be6
man204,0defdf86-0dfa-3a6c-8dc1-d8578bbc4517
mao2,2b9122f0-3481-348c-a07d-be2f0362a287
maor03,72c8bcd6-f302-3980-b803-8c8fe0e2528f
marcelito,336f6724-b4a9-35c8-9bff-6c8e4cce63db
marco,f527ff97-f9ff-3405-979e-8b046a00da6a
mariano,98d2a3e0-a4dc-3cdd-9839-d1e8a52203b4
marinagamer7,60472bc5-58a2-34e6-a7b7-0e9cc0b10663
markhall1999,188e45d4-5c9d-3cb6-8bb5-372c64737e36
marquicodgamer,9ebe0797-7f44-312a-a601-0b751bdf227e
martin,c0b82bb2-a30f-317c-969e-03778815d41f
martindd,1eff908e-72c1-3352-bd58-189c22df014b
martinez500,b89f7ea6-af58-3faa-a4c5-b0c62f3f7afe
martishun,10906323-275c-35dd-a27a-9614bb25b262
marty1002,ce81819f-114c-3372-9e8f-b291475a8e8c
marty1002xs,3e77df5b-45cd-3882-bc02-88af1e227ef2
marywhitewolf,00136311-a950-3298-9d26-853c66966039
masmaskot,3bf9b297-75d2-3b93-bb84-e95f15c2e3cc
masterpvp_,b64d85cb-c76d-3b93-8760-737a296cc11d
mastershadow,b2f0ec23-1f1a-39c4-bea4-77a372ae36ec
masterspawn,e4eb3727-073d-3444-a933-980029f755f2
mati,b66efbf8-e3e5-37b1-b629-c337d222f692
matias,1f3bf19b-2c12-35ef-9d41-66b29e71974a
matias194,e309a2de-04ce-3d12-bb0f-c5902118d836
matias587,dc2410b1-5dd1-3460-8851-aa0993bed5a8
matias621,c81258d5-1b38-32a1-b135-1d0fc71565bc
matiascoif,1fadad46-4411-3a8e-97d2-c0f32a037709
matiaslolxd,2db2ac86-289c-3ce3-87e4-70b7806eec8d
matimaton6208_yt,d5c2b181-43e9-35e7-8def-cdf1a630294c
matita,5182129d-dc50-3845-91d9-e7eb3e3a1861
matrixero290,6bb5b2ef-563c-38ef-a33b-d77a44194bbe
matt0320,a65267a2-292f-3cd6-81d8-cb4d3942750c
matyilololo,1fd10843-74a1-3ced-a162-4fc4968b0db0
max,ec19ab1a-9b54-3aea-9df0-2bad2896c38d
max773546333,054d4be1-ba00-3dd6-964e-4951d535d4a7
max_upland,d05f1afa-fe07-3497-a48b-dd94b484c486
maxi_fsr,f0cf92a5-5cb4-3cc8-a4d2-ba19a14217e7
maxtrolling35,10b5a85e-724b-3ca9-94fe-d2cb7b200cc0
maxx_craft,be3e41e0-b7c1-35f0-a81a-c14b24cf77ae
mayk100,1930106a-2631-3b3c-829c-ca0733a5d7f3
mazzatt,d421ec58-9460-37ae-aaee-002dd2064f7d
mc_sone,89f02a8b-03a5-30df-9dc9-3a19405a9961
mcd315,045ddde9-9258-32ab-bf59-e28a41dd2577
mdp1701,3729bc87-619d-3d18-800c-13b0e7369fce
mecris66,9e419dd1-227d-3040-b544-9fd21819e356
meeperbeeper,21619a24-fd9c-3bc7-874c-bc6d3d1affe4
melilly1212yt,618dab25-be1e-3b4b-b014-8c9f24cf6d00
memo_gamer,44bdd079-5bed-39b4-883a-1d00e6448b70
menmauzumakiarts,eab34ac8-82b2-38e4-be21-1c40658f9358
mentalist96,acbdfe89-02d4-3c02-acb9-1cc8981103a5
merryjanepashili,3af90ea2-adc2-385f-8070-3f78f4a29ee1
merryjanne,7785bdc9-20d0-3e10-b98b-9eed9aefe24c
micahvanderman,a201dc6c-489b-348c-a850-9c43cdf484f0
midnightcheezpuf,a655a5aa-4554-397b-b437-dbb3269190a3
mielsen,81d1084b-c6a6-3b6e-b9fb-327715a01e0d
miguel,864996ac-5f7e-3768-89df-9a426b678bda
miguelkilled_yt,b25c39d6-3824-3609-b833-bbf14debd8fd
miix20,316a5edb-8a31-3b67-8d9a-ccfbca52c23c
min000,e948fb10-12f5-3996-bd74-7d3b755c4274
minato,1d137940-32d2-3d27-ad61-8edac448b8c4
mine_x_chief,28d3925f-cee2-3c1c-8073-377442cd5635
minelord17,662e0958-1404-3fd8-9648-a4c8f8674978
minigamer_,257f4389-d819-3f8e-a64f-f54deb0b4e92
minkok,b892940d-9af1-3b2d-bf0f-193b642ba266
minkurahuto,b94f8409-c9a3-3921-82a9-857136bc3bef
minnielove,cb998d0f-1c02-38f0-a072-d079b6bffc02
mirageman,3742bed2-3f04-315a-a510-8d80aaf40b70
mirepo,ec99aecf-9841-3e6e-b419-1b15eb9587af
miriam,3cc7500e-1cde-3839-8c06-d8c45dca7a8b
missluh,85ef7141-f6cf-3395-a411-b31c6132f666
mitri123,75323275-adfe-3674-8836-ce9e2005a117
mitrio,2f0f6ad7-3f26-3dcb-bb38-29e39931ca01
mixel,136b4847-d882-3367-812c-9f29c31c7e9a
miyugamhergrey,ac884b9f-ee09-3307-a30c-49cf1abfe4ca
mobslayer1013161,292ac0bb-5c47-37c1-8769-e3d2b65e61da
mohammad,34223490-3970-3b40-9249-7531085c04b0
molaso,c6f3326c-7693-3fe9-9355-37a0e7913bfe
mophiepvp,bafb4b0b-0969-3d76-84ed-7ad70107bb5e
morales,9b6946d3-f88d-348b-8a62-cd16264dff73
moskiltro,f7f51c66-2b52-3790-877b-779db2577cc8
mourad,ea529dfb-a215-3b62-a873-65782baf14b8
mpsingh,b2e802e2-2d69-39a5-98b6-a0e702bbf975
mr_chicken95,2deea375-4c56-399e-a84b-5026665f602e
mranorithd,96c3e5af-0fe5-3b73-9e55-367e8bd1e86c
mrbenja124,a14be9a9-ba9f-3962-bd27-2a70224ddc61
mrcomando40,45fc9b3b-7455-3943-af62-feaeba555bc2
mrdeadgamer,18dcc4b9-e895-3fab-9745-e79f66526294
mrezeee,00b2bc9e-e6bf-372c-9f7c-5d7d836e1bd7
mrgamerg,5f8bcf0a-5c38-33d4-b9d3-f09ee4b5fae0
mrgopes,d4be7cb6-47d7-342d-a264-76d40b23b097
mrmoney123,7e00921c-fa6a-3710-b72a-bd5b63bd80a5
mrnachino,e31cdce0-03be-3aa3-b42d-7441224ead56
mrnaikito,8c6b33be-21f4-3111-9e58-8af9e383d39d
mrstevejr534,28b69590-a4e8-35e4-b19f-f319122d8736
mudkiptrololol,d3c384db-d096-3058-89f1-8688af01b7f5
mush_cake,fa265ca8-e2c2-3e57-b738-0ed02cdc0159
mystysnows,c19a699f-5db0-390c-82d5-24b7d8ce083e
n0trix,9f4ea106-2609-391f-987e-a256226db59a
nachito97,5c8278a7-1dc3-34fc-963c-0da01348538e
nacho123195,974fce2a-f1b7-3311-911a-6af2dbd65f2f
nacho97,5183b2da-cdfc-3401-aacc-2008103c9490
nachooo0,128e2aec-acc9-31e5-ab0b-c00a1954bb44
nachoservers,4d482124-faa6-36e2-b68c-3e11ce7d6359
nacorito,a242186f-af6a-3bc8-a01d-c5cc10e4a538
naikito,364f0a5f-cb4a-31f9-af72-a4e4cd8514d5
nalix,b46903a7-52aa-32de-bee8-dbcd637c10c3
nano,81817935-255f-3b62-8fda-c06c0d3f551f
narkis7843,d3af9c51-9a7d-3cd1-a44d-c5ae595069b7
naruto,42392cac-8d70-3e32-a056-209184e73aec
naruto517,fc64552b-e98a-36ef-9246-b3ff8058929a
natali,7a53e01f-c241-385c-930a-c33b496cff37
natalia,4eb340a7-cbd1-3638-a9bf-eb95c57bdb8a
nateskaker,e4c89b90-731e-39f1-9f34-95f4a7b2d675
nathaliagamer_,4194d544-b076-370c-a7ec-21ce1dd53aaa
nationcraft,bbfb1c8a-6ad4-3b91-b8df-7b8fddd79948
nayaretalex,931814c6-6926-3efa-9155-7c226d87ff56
neakiaro,81130854-bcdb-354b-849d-bbde3a1030e3
neanderthal,9a32717f-a668-3bef-9147-948f0764138d
necr0manc3r,21332b1e-9465-32de-b1cc-9dfb431d0ba7
nekooo,13c83533-b1fc-3d30-bebf-ec09b21c0af7
nelson,fe395cd7-502d-35df-bbc7-650eb60e21c5
nerdyhipster,9878b7b2-9ee8-38a0-8be2-6c058c318e99
neronexd,fd145a14-a1bf-3431-bf1f-7d130576fcf7
niblic,79cafc38-4881-352d-9169-d0664b3d2f51
nicko,6e0ad903-428b-33e8-96bd-ebf3b6856a7b
nickolas3ds,e0e876fd-72b7-302e-8861-6f7409a28512
nico,322a72ff-3428-3ccb-94a8-c815a947bb44
nico0007,984179f0-44f7-32b5-99c5-3add7fe200c2
nico246,ae073b69-29e4-3af9-94cb-321c1290b77b
nico454,40c185ad-c554-3132-8455-286daad9a008
nicobkn4,6c276fd9-dd88-3f2d-bc0f-0b7acef44507
nicobkn45,0aa583b9-303c-3898-a7fa-056058d14152
nicolas1502xd45,9bb8a7f3-85f5-38c4-b1ca-9d832f873a36
nicolas3131,94b2265e-5f6d-3206-8b2d-283855722a07
nijai,75659f0a-c0b3-352f-8cfe-45e390f3361d
nike_sb,920704a6-80b1-3ea9-bf59-91653075c354
niniano,1824e256-ace6-3699-912f-448b986c76e5
ninjafa,2dfd896e-738d-3768-a29c-4eafd8a62457
nino,141b0838-831e-3ed5-8ba7-ab425ded9b74
niqobersttpvp,10156a9c-da9f-331d-965b-66d7c53d000f
nitro,07d4e4d3-66e7-37d8-869a-d36bb6a60707
nitro123,a1255027-0609-3c3d-9c3a-1b81e7e80395
nitro222,b08dc4a5-a231-3761-9331-5a006cb75879
nitrock,b4c02068-636a-3db4-8e5f-ff1d4422f022
nnnna,447c5044-1840-3eac-aafe-bed159c950de
noahleander,97c96bb0-2b1c-35b7-8d27-e7a1bbdecc51
nohacksjusteze,9ca6232b-1386-39e9-9d97-945a1b8d7326
nootx,a23b2d2b-f8de-3cf0-9113-ee75fc6755da
notch,42653081-a90e-3475-b3d6-3550cdb43f8e
obirsezar,6a8b97ff-7f2c-3c0d-b667-a2e482a6b221
octavio,151a6de4-8e3e-3efc-a084-d8defcb9a812
octavio123,526911bf-171a-38c3-ad24-39532aca8c1b
ogoxx,cf636b1d-edba-3d00-8292-0f6ed78f1ebb
ojarata,283b3913-fff6-3a03-aaf8-6e3d3829d986
oldsteph,2ee2acee-be81-3d28-a507-b4010909af07
oliortiz,ea7f279c-fb18-3f37-96ff-26ea54977af8
omegason,10817950-7935-32a6-8453-5db369dbb0a9
onikaze,53918d9f-e76b-3407-88b9-abb95e84646d
opchest,37967b32-20b7-3411-be09-3f8e1eee9f50
oreyx,3486e735-2a22-345f-a797-299c7e579149
orlaandho,5be35599-7d36-369c-801a-7f6c853e04b4
oskar1818,5be63bd7-848f-3a37-9fb9-e50a369f27dc
osopoolar,22a82028-bdcc-3a76-9789-e0abba66bc8b
overlaxos_,7a3694eb-aec8-389d-b53b-05f00063cb8d
paabloxd,d86c3f57-68db-338c-80f5-1c68eb312b8e
pablo12nava,51a68147-1e7d-3614-b168-c0f2d0dc5960
pakoco,94f77d75-526c-329b-a29e-14c6e95ded12
palmgren,921b7ef0-9d20-32a0-a800-b3f2f655db76
pancho,6aa3b14a-8a10-35f0-9d93-2e27900c704a
pandadog3000,77d252de-a164-39b4-a1b3-0a34e6f4e41d
pandanoel,1ea84f78-dda5-3afe-b95f-e850c523ff7f
pandaxdlel,7eaca606-8542-39c9-afbf-d4c5aabf72d4
panxo2000,e4347640-37e4-3b4d-84fb-904671e8bfb5
panxulitoxh,32d95077-d3d5-334d-a4f2-cd3463e3e144
paolohernandez29,f43b7558-87c7-3452-aaa3-a121cc169050
papape980,e4a1463d-29bb-365b-9e55-6c0efaaa123c
papatata1234,6f4a9f05-10ef-364c-90ac-5020526785e1
pash_mc,2746be58-df84-3459-acdf-7b93d3923df4
pato,ce733cea-e1dc-32db-8c85-d7a726fd4672
patotato,9cd167b9-b0e9-3028-a9e7-9517d11ec33c
patrick_xd_,6aa9f4a8-5e20-3e01-b5fc-620309a61b49
pawsatron,588936dc-6938-36c5-a9e5-e40ac03ed4ff
paysafefan2004,100c24f3-3994-365b-a7d4-1a53f4861995
pedrogaymer100,aef3161a-ee80-31c1-bc34-a6b8c4e485a2
pene,1bb219bb-79ac-369e-94ab-e1ceb236f9ef
penquirei,fc6a837c-20f4-3704-829d-19eb4a4f5253
pepelotas_13,d4dc6178-ebb0-385e-a93a-7a03b18f1831
perales,5e506074-c6f6-30b9-84e1-afc30cec3e0f
perritoyt,e179ff67-5c7d-3921-80d1-ad74b61601ea
petitulip,0a6109fa-65d6-329d-9220-a9996d4d3583
petronilora,e7c96914-ccd1-3e35-abc5-64d0e390acb6
pewdiepie25,892fccb0-1341-339b-87b1-a541fd5fff17
phyzik,51e213b5-2b65-3a7c-b006-f5ef97cbcceb
pikastar,176a8e1f-97f0-321c-9729-7604c042bd5e
pinkdabrian,0e69784d-200b-3f86-8755-2f4aa3772393
pinkycata,9b776a02-6834-3abe-9ad3-982a8127e8ae
piphd2001,c8584580-53e7-3608-b65d-35f43d78812c
player,a01e3843-e521-3998-958a-f459800e4d11
poblo1002,9ecad04b-0bed-33b0-9ede-ec5f4ec3bec1
poju2004,c147e2c4-f2db-398a-871d-5a4ab54b01d4
poll178,a0464b0a-277e-3565-950a-9046efcfad20
ponchislr_xv,24f5aaf9-92e0-3036-8de4-5c94a5ce0a0f
porotakilemo,55f7458d-0a2e-3e4b-8d0f-a9cb8f4ddf20
portisha_135,8be9ea1f-fe79-3aba-90fd-2c43bb0251f5
poseidon,9629cf0b-5827-3a28-bae1-5fa960f2d918
ppcactus,1f4bdafb-1a58-378f-8e8d-868f0b3fc968
pro001,5cca2432-10e8-39ed-ae07-1c9aebc0b2a7
prodarkgamer,e37ff34e-13f3-3dd5-8031-a354a1019d4d
progamer61,cdc85753-c668-315c-8938-492e04ca53ef
prother,65a8ecf0-fd10-3853-9b23-fd93cb89ff7b
pulenta22,a536bde5-dbdf-3507-958c-46e983a8840d
qster5678,88f00991-76af-30aa-9898-5155f7d0eb64
quewee,27dae1fe-d197-3a2d-9973-37aaa11cc10e
rafael,c6116296-ed49-33e3-8eef-eafd6a53cb28
raiden,02c6e5ab-d5ff-3ac8-9dfc-eaa7eae6ffd8
rainbowdash___,64fdc6d6-ed44-34b1-96e9-8f5505d082a0
rambomusculoso,4bf1f768-e87b-3fca-a477-5ea1ad103673
rampagingtortuga,2ccb144f-c01a-3e33-ba17-40892a9a3bc0
rampollo,5ae5074f-e9be-3a62-8f37-0797364e34f4
ranaram123,fea7fb64-3ab4-371f-8e95-feb9d96b689b
randroid75,7d00b964-05ed-3641-b6b0-9372b043f2e6
randy654,328ae55b-ca7a-35d2-852c-cdb51033fd5e
raul_llanquileo,8c3d5440-b702-3fde-8aea-fa9e1bf70d19
raul_west,8c76e824-4973-3f50-a55e-50b37633b89c
raws,52de2598-8dc7-3e6e-ad4c-109851231eed
rayquaza39,794aa488-dc82-31fd-b24a-df7d544cef06
rbull131,db198651-10d9-3c93-9649-b259c168bc3d
reav_,828410e5-f69e-3852-a328-5a3f7023c286
reey_,d4ee5603-0d65-34c0-b753-90a478cf1606
reloader14,5dd64b17-4b03-3d64-9de4-aae521bc9743
reloatrex,6a758f17-5ff1-3294-b746-96bfe4e8031b
renato,5df45d4a-4993-3e63-848e-b7ddc68be1c6
rene100,b58f4bf6-eefe-3601-85a2-8dbb2996c5d0
renooxxgamer,17b3d2a4-3e65-3f9b-86de-e58f8cc3ba64
resdestone,c002df50-2d97-3f9b-85d2-0cbddfdd2795
richard,5a5422b2-5103-347f-878c-951311cd33d2
rito,16de5da9-0e44-3bb4-8c4b-807c18c90a5b
robosapion626,7c0c8966-5e88-34ba-b499-948a2c6905d1
rock0,92495ebf-6056-3c0b-bb8f-a5afa17153a5
rodricraft,8e616cbd-918b-36db-a712-7feef33119d9
rodrigo,01b493d9-6453-3dda-a77a-879f6de5d605
rodrigo730,775402fb-6f42-3948-b4e0-184a5a121d33
roffer,1b2baf1f-e539-3383-b22b-70febb5703bb
rony22,9db69ad3-f079-3db4-99d2-f7274b838c53
roy,c47659e2-8bc1-3133-ac0c-b2335f220ef2
rubiox,236fa369-77b8-3187-9471-97ea6a4a6785
rudma007,6fe7fc8c-c5ec-3761-84d8-d2fbdcb66cf0
rv3592,d58eace1-0018-3958-a385-906774b245bf
sa001,caad15cd-3ddf-375e-acdc-157354883395
sabrina12,e83ba2b6-bffd-3af0-9a99-2249bb8626e5
sacred,5362f6e7-17ed-36f2-855b-fb62341d4783
saeckgamer,d731be70-0cc5-3a3f-9a4e-67d5ec50183f
saile95,7cf72740-14e9-3908-aba6-46aba7e61220
saiyent407,323084fa-a9c8-3851-ac31-cf8124b421d8
saloxhd,fa00ca8f-2725-3451-8ab3-2ac3eb4c15f7
salseito,900d9d15-d956-371f-b6cb-39465270dbad
sam400,ffd11561-b57d-3379-abdd-90b2926c4dae
samuel1234567,2701ba9f-293f-36b3-a7af-911a1a6d53e7
sandezyt,336fc127-dfe6-347e-8727-5856d6c31486
sangreazul,cdeba7cd-b5dc-3055-9a59-489cf6b0aab7
santiagogamer,16ea646f-1876-3322-8db8-6a8c70708094
sarcuach,ecffbf7f-c12c-3c84-b866-caabdebc8d12
sarina_3,6f41e4ff-655c-37a5-bd65-d3f067de7bfa
sarinha_3,43f703b3-14be-3c7a-8c1d-b04c785b62a5
sashagrey,7d9000c1-0377-211a-8c57-39d03c4021d7
saskadcool,13969760-cbfc-38da-8733-592aca3fee57
sasuke,17d8c6db-de1a-3e5b-9357-83d620bcf7ec
sauron360,fc045407-64aa-3e6d-8e03-78acac10482f
savixz,fe96fbb6-559b-30b1-9d4c-e35ea52259cb
schneider,28af1917-3ed4-3e2d-88e2-120a4ed2d37c
scrapygamer_yt,d1dc2adb-f72b-3e50-8742-9860200f3404
seb962,44b5b7d0-c651-3bf9-af5f-39c22046c2d1
seba,ffecbbee-f7f2-3999-bca5-c9e99f961f1d
seba2002stian,3dbc4943-4a32-3b64-8326-68d8c94fffab
sebaharcore,77da7731-82b8-3d39-a4a7-d9ff7eb19ebb
sebascapo,64c752e6-64d6-3b4d-adf5-2f9e97fb8e65
sebastian13,8e923373-63df-3fe4-a858-ac09031955aa
sebastian396,feac4928-2eeb-3614-9093-399c15b4b1ce
sebastianm117,6ab5d106-4325-37b7-ab86-f1291e73ecfc
sebax21,b3b7209d-d4a8-31af-b50d-c4fb599492aa
sebi291,9518e7bb-50df-3f7d-b40d-772458f25351
secret333,6481cc4a-1767-3a5b-a5ce-7bc5bc39de03
secretwar,af1e5641-4896-3085-b293-7bd7ce4d39ce
sektykiraced,b0169abc-8b1f-3906-adc0-b2174153f298
sektyqinaier,5a7641b9-9620-30ec-8a39-2d5884e511c0
seneorignee,3d41234e-a84a-33ea-907a-159c06233e02
sense,8fa65b40-77df-31c1-b193-71dede534ad1
sergio310,23069d92-0428-3fa3-b1cd-30836e51c503
servgorpa,466deb93-5a0a-340f-b0f9-c09389d7d68c
settingshadows,54a6db9b-577d-35e2-9449-2e03c9e2020a
sextacciche,98c28d5c-1e3b-3cbb-a526-0114c0e2ab63
shadowcrow,dff72e46-e24f-3ac3-9413-df79a4cc561b
shadowlink64,f2408c72-ee22-3d44-9626-55e6ee08e31b
sheezzy,b81a192a-aff6-3d6f-b7c4-9217543fdb6a
shikoxx,a6533d84-13a2-3ac7-8956-afd71c6e3762
shintaro,bd5fb524-f664-329b-93e6-5bdbe15726cf
shooterwinkle,c44f484b-7626-35a6-8b8e-9a843e25aa04
shuilol,6f46b60d-6245-3330-828d-d1a06ce2efdf
signnnal,882bc988-67a8-3e73-82e8-d3890fedfe74
siko,4d772b4b-d71b-39cf-9d38-4fc3d231b34f
sillynici,b37029eb-9448-3cdc-acb4-02022e1e0362
silverthrow,9a17af17-b5f8-3648-a02a-4fe2f88a13e3
simon,cb9d2864-e6f3-3f0e-bd00-04b6b9b3248f
simon123,056a9c0d-c141-37f2-a7c8-f58d3e10e1b8
simonmiicz,ada9ba4c-cf3f-3382-a227-3be3befd457b
sipex10,ee1d68f5-6154-34fe-85d9-105846b4ef9d
sipexx10,b2a10083-d383-3f5c-98d6-4b27afd9bc7b
siracetheactor,e4af8a57-bc80-342f-a20b-966071065b2e
sirgocsila,212c037f-1dc5-3e33-8ca5-181f3f39625b
sisak20,25ea9fd9-cf24-3e20-8a60-92f7c60a0994
skeletonman44,c2b52de9-bc23-3190-95e6-f0e73e64a1b1
skilmax,a2304284-b6a9-3617-a9fb-780a144df7f1
skyfox55,e8d29955-e180-3bf4-ae0f-760fc6126876
skype,4bf63dc7-d1e7-343c-9812-6c0fdbd93430
slayersito88,8ce6060f-0e14-373b-a63a-8a151fda30ab
smacf_yt,2bdfce61-f239-3f36-baa2-c6b662c0e257
snipex10,fbec36c8-2e87-3c12-927f-34dce1cee67e
sombra7,88422d15-edf3-3e8d-8feb-a9b6b8576568
sonrycorporation,79ee6124-60d2-3e4c-b629-32dada03500e
sophiaparaventi,fc65452e-5404-31d3-b09f-c6054b8437db
sorryformyhacks,b535990e-dd30-3c8e-8cad-bec302b04f2f
soulta,eabac43d-7ff6-33b7-8379-78ebd5d57424
soyelmo,f3d282bb-dbc9-396c-9657-13c8ab7f45f5
soymeeayudenme,7c259b74-45d2-381f-88b4-bfd482042f09
speedgame98,eafa94bf-32ec-3683-a6e8-974d0f9147f9
spiderkraft,ebb96fa1-e360-35c3-8b47-b9f5df4c602e
spilly_,e8d90e79-5610-3afa-94da-71d529bd7077
sr_ranperhd,d8f11850-7ff4-37e7-8f71-d685cba7af8b
srcaradepapa,9fe44cad-7940-3ec7-b5e0-a9fdd6dc732f
srdiestromc,21b68849-daa0-4adc-9d9a-1e34387e3859
srduds_br,69d5d2d5-7586-3abd-87fa-baec1807b67c
srniguel,986c69de-5701-35f0-8543-e99e266c876c
srvaquita,8d18c408-7bb8-37af-a7b8-7ce4a63b9a9f
ssiimmoonn,c68f36d3-beac-30a4-9caa-4740918dfcf2
ssniper,49fcf960-0165-3ad0-9d4f-16e710a80211
stalforeth,fcbd9fbd-1733-3484-b853-a24aa623f86c
steve_ec,f4393653-e64d-3547-9a91-c201064bc5b2
stichgamer,7ebc6fe9-c295-3073-a943-ff6058bf5543
stiven,d11c96ff-52b9-3f25-acdd-defeb2d84beb
streetrock,05725df2-dcc8-3eb9-9369-ccdaa2de3288
strillerxxx,238a3948-8305-36ce-9c54-e96293aca9dd
strongtg,b5a4899e-23e9-3433-809e-299207047511
subzero,e8a84501-179d-3a9a-aea6-6de53722305f
suckram9,d08078e9-1c2a-3665-b366-008e0027e358
suenokbron,aebe7263-362a-38f6-aa93-477e17ba1d8c
summercraft,4a2242fa-d608-3a05-9706-58799884659b
super_ethos,80eda369-37c5-3177-b078-81937859fbaf
superdanielpro,6c186aaa-f45d-3524-9488-01c18422f062
superhero5d,97aab822-5137-33a1-9bd4-79de64724cd1
supremegamer32,3d91422f-9d90-3f3d-86b3-7ec334a4d641
susanoo,6dc1bbcd-d0a0-3c8e-a929-dd58ef2b383b
swampie,b93c193e-9e78-35e1-9934-d7a8817a5d0d
sweetyb,171c421d-5b5e-3be8-b77d-59a7302ffcbf
swiips,b8f6e255-1955-3eef-ae15-88b2c5c12c1f
sword_for_evil,98feac57-5c35-3bbd-8ad0-7f47607f35be
syndicate48002,40cf41eb-7b03-3ce2-b008-ff894340e64b
t8436,a7284da2-e3df-3ed4-baa2-56b15e15e84e
tailly17,9e691df7-de7b-3eea-8244-633c83e4e611
taizun,76baef45-fd0d-3f1f-992c-82a888b7d3b5
tays,d4a0d0eb-7f5e-35be-b594-e20c1b080748
tehbryan,080d6989-8ef2-3d2f-8577-a626af91e53c
the_tomas13,bd0f1375-0e52-355f-8505-8b81eeac8b8f
thebenjamingames,90ca459f-46cd-3435-9b26-2f72a3e94320
thebroartz,fbbe65ae-9180-3723-af02-738f8bfcd033
thecreeksk8,7cf8fa72-5782-30bf-aeff-a7867c6e83f5
thecristiancr,e5b33f89-04f2-3fe5-bf68-f34f56385715
thecrusherr,d3765446-131d-38fc-9344-727a4983bfec
thedarkrises,ab0c4254-21c1-3264-b319-802a38918bdd
thedjtrollin,ffd4cfe9-e0e0-38cd-a3d1-17f76dc30a91
thefelixhd,79f754e3-878c-399c-b3c1-32038b306614
thefitbeul45,b49ee769-e951-3f4c-b2e6-3a0f4f9ece4b
theflamoshark,9c5fba18-4e65-3be6-a121-f1d181012737
thegaymer1134,992d1d01-84b7-3f0c-b8eb-a474b1e4e82b
thegoldencoin52,dfcd6fe4-e97e-35d8-8e31-8ff9b53edbf2
thekevin,be2d5a88-98e3-32fd-b7c3-ec73ffda7e61
thelocurapvp,2c53bd2b-f0d0-37ad-a9d0-b71b5b5d23d1
themovement123,2f628442-70ee-3153-a1b8-06ddc938bfd6
thenachopropvp,597cff2f-0a12-3f76-9ad3-3ee8d2635841
thesanscrafter09,42af730d-68e1-371b-aec0-ba4e0423608d
thespartanhd,e02bccec-052b-303b-976f-9bfacd44f91d
thespartanpvp123,f3f7b213-7bbe-392d-b127-e696e81827f5
thetomash333,4fcc2ee8-52b9-3de9-a075-3f14cd16a04c
thiagonel,0b2b0259-0233-3a25-8c48-00892af7202a
thor59,0f2b520a-cb4a-3922-b607-7e5b5ad25f28
thudiego,59089545-6d3e-3d19-8cb0-50dd2f839d2d
thunderhanzt,6551b8c0-088f-3531-869b-5ea8a7831f08
thusedargamerpvp,330dfdcf-1874-337a-b03f-bd6e4375934c
tidegaming,cd7e7aaf-cb16-36a9-b400-8b7fbfbea0f1
tigergamer_yt,45fc8f4d-d697-322d-ae7c-0d353db747e1
tinchoalex,4194fa83-16ba-3d9b-9f22-a1d82d1a7e58
tinchomc,5d4c5cf5-5a73-37ab-8000-018aa5794ed5
tipicamiyucokiec,20621705-9b75-34e5-abf9-ac220c47f398
tito159,170e6a89-0b9a-325f-a6cb-bc00e9a90985
tmaximus13,4a946494-2f39-3029-afc8-ec47dd31b9b3
tnt,3589a4ef-01ad-3456-a348-0025cfbde1e5
todeswunsch,58bc6cd4-3c13-3cfd-9988-8174aed53495
toledo,b30b613a-8954-3584-bb9d-3118c6fb4791
tomas,c55f5276-9794-3aa9-bb04-9ebc88097d07
tomaxo14,ecd634a6-8c45-3a6c-b395-0762e53b0a14
tomytomate1,a00c1eb7-6369-3ba1-8865-d97d72d1c1dd
tornado510,8a3f846a-2a82-364a-aa80-3b3739b95d2c
touk_,d3f0a5f9-cfc0-3f3a-8947-efb4add09359
toxicshit,cdc40394-2a19-3daf-9db1-76a43c7aeb3b
trapdoor,79abf768-6f8b-3dd7-a283-f4ec14c4b117
trazoxx5,ee270463-f1b1-390a-a9dc-ab00d9e02973
tris_prior16,5ec48263-7626-339e-9973-fe4d42025710
trollevel,740e7bb4-1030-385a-ba38-7b384fb11633
trollmaster101,e38c5316-ee60-3732-bcd2-b2f351113f3b
trolololo,9fbfed80-15bb-3520-9254-ef69d9ecd827
troya91_yt,47e394c7-04c0-3be7-8b1b-1f9133d7b052
tuproyomas,b63fd158-2691-3b5e-b150-59e9b2894fd2
tyrion,d74a38a0-f857-3b66-a1d3-d584775381ec
ugly_kid_ed,8c4883ee-48e2-36b0-877e-447d9f01b194
uhassparklezzz,cf81d7eb-6e5e-3ba7-a804-1b60950ccdc0
ultimatewino,d6788801-065b-324b-96c0-cc39cc04b2fe
uncovery,9ae30492-73fe-31d3-a0a9-fe687fb61fff
vacalao,2328bffb-91c6-3112-8013-0849aea3bc1a
vahino,5ba0e0f8-5f4e-3cda-9655-7fdb27db08ce
vakita025,2ed10ee1-f50b-3076-8efd-1b034f7f9178
valentinachic,91348e92-8325-3701-9016-a355638053ca
valera,94e06fc2-8d02-3c75-b0a0-97000f5293d5
vegeta10000,d1d1a1de-438c-3d43-9835-7442354c8ae4
vegetta777,a686e2cc-2aad-381c-bddd-3a5114bd9861
vegetta888,98b5d899-45c4-3e14-b7d5-d1c36bb563d5
vegettogg,a92425e5-78ac-3cdc-8599-ebcefb74e7e5
vegrtta777,cd67b574-7c60-3d53-a684-f4d864d3be7b
venji888,fb4a4f1a-3b61-3bc6-9a17-f94e15fc8340
ventor,170fc2ae-1fa3-31a8-84c6-df70bc709d93
vichoelnoob36,679312c6-8798-352b-8d21-771cce20c719
vicucas,3e328b67-176a-3602-ba63-a1673dd126b2
vikingo,3d1e6465-abe6-377c-88c4-833713c10683
viviana3600,b29bcf7e-9a3f-3b4d-b6f5-9b9a01c07abb
volkanito,7db4e57e-c681-3c29-96be-936befb18928
volkanito91,cf87342c-e04f-3f51-b14e-0d8f204e1d05
volrat,9bf4b987-4d5e-3c78-82dd-57fa7aa4186c
warriormx,59a953b4-b2f4-361e-be72-941a8dad6218
waterflame,47c67550-53c6-32f3-bd70-146d0946d2a5
wdwdw,53c9e0fe-a7a0-3ba5-880c-be07d07ffa02
weirdobanana,52a22bc6-8723-3a5a-9cce-481b85e0cf42
wewewe,8f5a3e17-3ab6-3084-9a1d-f1a738f7fda2
wigetta777,f418cfad-072c-393f-9f4b-62cdb280231f
willbanana,ba21963f-17f0-3bf8-8bd2-13b416f01c3f
williamsdarks,496c75cd-10f0-3ef6-be71-0d24e9a7f906
willrey,1d4dbd8e-9612-352a-a6ac-1d1c5b3e14f5
winstonxd,087889bf-5e6b-3bd8-b9bf-ed5d53144e8e
wololo,b0b0697d-7350-3d13-b345-befa027f0a0d
woofgamer2014,f0e72030-e468-31bc-b90d-e53e0b4eb84d
wormy,1819c7f5-3589-3ef3-b9ea-903e45aa912f
wtf2315,67cb3b20-656f-3963-a35d-052fc656628d
wtf68,1ec087e5-53ce-3e48-9787-4c187ac8fdb3
wuachimingo13,d87465df-8f55-351b-b1f4-88dbbf246db9
wucarlos,d0427470-d680-3b26-b1ec-9ae91b9b053b
xamu,6fec269f-863e-3d52-8289-8e205d4e13c6
xcrazyxzeusx,b4c29fd4-625f-3c20-af93-5879389f1a77
xgiu,b3097b40-4542-399a-8064-54ddefec7948
xkiyanx,6a7a192b-5fa3-3a9b-85c6-c2a552785953
xlufyx,0afaff6a-d49d-31f4-9cf0-f1d4918cfbe0
xniggerlyncherx,1d79089f-d18b-36c3-a263-571e4a116e67
xpajaro23yt,a2cc3eee-22d6-3d54-8804-00ae50bb9fc5
xpantuflasx,4af24b5d-ee16-39df-b20a-ae1024d92a82
xporkurx,a2bfe7ab-46af-301b-b984-a95be553a780
xrevenged,bc9a3ab8-3aa2-34ab-96c0-f4ad309feef1
xsolowz_,92010b98-3427-399c-85e9-0d0824a593aa
xstaticxraydx,6a2f82d0-6c2d-389b-a4c8-81a6822c43b4
xxalexskate13xx,9f7052a7-176f-3a94-83fb-0e72087d784a
xxallstarxx03,8b63c8fe-02f9-3dff-bdd3-d45b43a64b8d
xxblublegumxx,bce962a2-d705-3071-bf79-5a4e5fe90a10
xxelassasinproxx,eb925b60-a43d-35dc-9f4c-f0d01a106c5a
xxflojoxx,dff0884d-3be3-304b-8be6-2af5baadfe3b
xxgycxx,96d61296-74c2-302d-8dbe-8392668b166a
xxkitty_gurlxx,868bcd00-6233-3c9f-8e02-3338edfd60e2
xxkiwixx,af96496c-3f95-3315-a8d1-86e0c7bde95e
xxlufyxx,f16dac49-1a41-3aec-9ac4-d0d67f3eafc8
xxmatyzgtrxx,61b7e282-4209-3c0b-9330-5e4d425e5307
xxneoncraftxx,d9b71435-5136-35bf-af1f-f725cbe87b48
xxshadowxxblast,d2ee4667-04bf-3251-8604-55d5ba59fc75
xxthatwhitexx,a95aa882-d928-391d-9770-d8de30d6da1b
xxthedarkproxx,86b8252f-aa99-3b36-9cee-a881c0bff13d
xxxemanuelxxx,87062344-8cbf-37ec-a68b-27a43ae8ef6f
y_ankees,1587f967-1dc8-3396-8a50-ed9ca57e8edb
yasunown,597d1b98-fd18-3973-bf10-d60c8be4c78e
yayitoloco,00722ecc-88c0-354e-ad3c-8cabb2af5ae3
yayitosuperloco,7403935a-bde9-3512-b268-874a99623693
ydarkslayer,4964c5ed-cfb2-35ca-8854-19b5d5ceb373
yeremy,1fe29f7a-8923-3778-8381-d5a606328734
yikiki,0f9ada1a-e15a-3298-b81b-28e4d1ed398a
yisusgames,77cbc694-b70d-3450-bd37-c5123f59429f
yogland,ed31b533-00ec-3f53-9443-5ae8c7c79592
yoivonhpt,55d8401f-d099-3ace-b6e0-6019a0da1076
youblowgoat,cbdee9b2-ed69-33a7-b2d4-2dd50f908608
youshinx,854819a9-ba31-3a5b-92ab-cba75daa8f45
ytderekgamer,d41a9e42-9cc8-3326-8fc5-5c9fb8d2c519
ytvegettagaymer,947cccf8-9e10-32b7-855f-803a42791e0a
yurgen,9425b2af-76b4-3922-ae93-d83e966a87b0
yxkiii,8e166251-bd5b-301f-ae79-0b7162cf5d53
z0neto,ee2c1db1-4f4b-3393-b20b-c15a7549ef79
zambrano,d27b12e6-bf36-309a-861e-0238ba89c450
zappit_zap,a2185d9d-df3b-390a-a1c2-681b93764276
zarcortplay,35f9a061-2ce5-3cf0-bf5b-2e465ece448b
zatroxx,7a4de0b1-52a8-3b6a-8894-753deb73958d
zcioletti_,2751d4a1-95c5-38ca-bb93-57857755fca7
zdog101,1f81abaf-7da5-3bb9-9ac9-a245b2d6973a
zek_dj,8157eabc-98be-373a-a256-e5dc4e4cc0b3
zeniththegreat6,592e1fc0-05d1-3a9e-b241-5d8e6bcb86f4
zenris,6c487c91-67ae-3025-a0cb-9d7f087fdfb9
zentuxzeto,483bb296-2150-39a1-a8f7-a1d6ce929477
zetix11,cf7ddf41-af0e-3bb4-a5ef-b3d56f310583
zeusgamer12,94be2174-28e6-3300-a6fb-0f547461047f
zeuz,86c34394-e990-3f8a-865d-7239bde84160
zhedas,86e9efe4-83c4-349c-af9a-08047384057e
zhenghen,7d88f141-18a5-3086-89a5-8206e10a080c
zimok,55f4f71a-484c-3afd-9d9a-d77cd2f8d27b
zinocks,5305480a-6a3e-3ab3-9fb0-839a27f5e986
zippo,cf62f98b-ce07-3756-98e2-d39203aed388
zombieblues,8deae400-a3f4-3f0b-89dc-61fa356845a4
zonaleros,d25a0c9b-ed22-38a2-9b74-bceedca00a90
zonek,2e76c5c2-823b-3b82-b1c5-a65e143bbfea
zyppo,cf142a53-a14b-3eb7-984b-493aa06c8a48
